Fecha,Descripcion,Codigo,Tipo,Centro de Costos,Cantidad,Saldo,Obra Receptora
2025/4/8,180 Manguera Led 220V x 5 Mts Luz Calida (63025/5/BC),180º-MANL-Elect-Z1A,Ingreso,Pool 460/459,48,48,
2025/4/8,9 de Julio (100021) Caja H Liviana Mignon 5x5 Aluminizada Ch20,9JL-CHM5-Elect-Z1A,Ingreso,Don Alberto,30,30,
2025/4/8,9 de Julio (100021) Caja H Liviana Mignon 5x5 Aluminizada Ch20,9JL-CHM5-Elect-Z1A,Ingreso,FlyDac,425,425,
2025/4/8,9 de Julio (100021) Caja H Liviana Mignon 5x5 Aluminizada Ch20,9JL-CHM5-Elect-Z1A,Ingreso,Pool 460/459,10,10,
2025/4/8,9 de Julio (10004) Caja H Liviana Cuadrada 10x10 Aluminizada Ch20,9JL-CHC10-Elect-Z1A,Ingreso,Pool 460/459,30,30,
2025/4/8,9 de Julio Caja H Liviana Octogonal chica Aluminizada Ch 20,9JL-CHO-Elect-Z1A,Ingreso,Don Alberto,60,60,
2025/4/8,9 de Julio Caja H Liviana Octogonal chica Aluminizada Ch 20,9JL-CHO-Elect-Z1A,Ingreso,FlyDac,430,430,
2025/4/8,9 de Julio Caja H Liviana Octogonal chica Aluminizada Ch 20,9JL-CHO-Elect-Z1A,Ingreso,Pool 460/459,70,70,
2025/4/8,9 de Julio Caja H Liviana Rectangular chica Aluminizada Ch 20,9JL-CHR-Elect-Z1A,Ingreso,Don Alberto,80,80,
2025/4/8,9 de Julio Caja H Liviana Rectangular chica Aluminizada Ch 20,9JL-CHR-Elect-Z1A,Ingreso,FlyDac,770,770,
2025/4/8,9 de Julio Conectores de Hierro 3/4 (Bolsas de 100 unidades),9JL-CH3/4-Elect-Z1A,Ingreso,Don Alberto,160,160,
2025/4/8,9 de Julio Conectores de Hierro 3/4 (Bolsas de 100 unidades),9JL-CH3/4-Elect-Z1A,Ingreso,Grandbell,5,5,
2025/4/8,"9 de julio Conector de hierro 1"" (Bolsa de 50)",9JL-CH1-Elect-Z1A,Ingreso,FlyDac,51,51,
2025/4/8,Abb Disyuntor 2x25A 2 Polos,Ab2-DD2X25-Elect-Z1A,Ingreso,FlyDac,2,2,
2025/4/8,Abb Disyuntor 2x40 2 Polos,Ab3-DD2X40-Elect-Z1A,Ingreso,FlyDac,2,2,
2025/4/8,Abb Termica Din 2x10,Ab2-T2X10-Elect-Z1A,Ingreso,FlyDac,12,12,
2025/4/8,Abb Termica Din 2x10,Ab2-T2X10-Elect-Z1A,Ingreso,Grandbell,15,15,
2025/4/8,Abb Termica Din 2x10,Ab2-T2X10-Elect-Z1A,Ingreso,Solares,1,1,
2025/4/8,Abb Termica Din 2x16,Ab2-T2X16-Elect-Z1A,Ingreso,Grandbell,8,8,
2025/4/8,Abb Termica Din 2x16,Ab2-T2X16-Elect-Z1A,Egreso,Solares,2,-2,
2025/4/8,Abb Termica Din 2x20,Ab2-T2X20-Elect-Z1A,Ingreso,FlyDac,13,13,
2025/4/8,Abb Termica Din 2x20,Ab2-T2X20-Elect-Z1A,Ingreso,Grandbell,6,6,
2025/4/8,Abb Termica Din 2x20,Ab2-T2X20-Elect-Z1A,Egreso,Solares,3,-3,
2025/4/8,Abb Termica Din 2x32,Ab4-T2X32-Elect-Z1A,Ingreso,FlyDac,6,6,
2025/4/8,Abb Termica Din 4x40,Ab2-T2X40-Elect-Z1A,Ingreso,FlyDac,1,1,
2025/4/8,Acople Horizontal para Riel de Embutir Magnetico Slim Macroled RMS-CL-E,AN-ALHSM-Elect-Z1A,Ingreso,Pool 460/459,3,3,
2025/4/8,Adhesivo Losung 500 CM3 C/Pincel,Lsng-Adh500Cm3Cpincel-Sant-Z2B,Ingreso,Pool 460/459,7,7,
2025/4/8,Ag Met caja para conexion chapa 15x15x8,Agmt-CajaconexChapa15x15x8-Elect-Z1A,Ingreso,FlyDac,1,1,
2025/4/8,Ag.Met Grampa media Omega 3/4 Li.Zincada,Agmt-GrMO3/4-Elect-Z1A,Ingreso,Don Alberto,50,50,
2025/4/8,Ag.Met Grampa media Omega 3/4 Li.Zincada,Agmt-GrMO3/4-Elect-Z1A,Ingreso,FlyDac,550,550,
2025/4/8,Aire Acondicionado,AN-AA-Elect-Z1A,Ingreso,Solares,1,1,
2025/4/8,Alba Albalatex Formula Avanzada (xlts),Alb-PINT-Pnt-Z3G,Ingreso,FlyDac,3.6,3.6,
2025/4/8,Amaco Tubo 25mm gris para Desague A.A 2m,Amco-TUBDes25mm-Sant-Z2B,Ingreso,Don Alberto,2,2,
2025/4/8,Amanco Caño 20MM Fusion Verde,Amnco-CÑ20MMFsnVerde-Sant-Z2B,Ingreso,Don Alberto,1,1,
2025/4/8,Amanco Caño 25MM Fusion Verde,Amnco-CÑ25MMFsnVerde-Sant-Z2B,Ingreso,Don Alberto,3,3,
2025/4/8,Amanco Caño 32MM Fusion Verde,Amnco-CÑ32MMFsnVerde-Sant-Z2B,Ingreso,Don Alberto,4,4,
2025/4/8,Amanco SD Te 40,Amnco-Te40-Sant-Z2B,Egreso,Pool 460/459,10,-10,
2025/4/8,Anafe Longive A2600XF,Lngv-CCNA-Eldom-Z2A,Ingreso,FlyDac,2,2,
2025/4/8,Anafe Longvie A6600XF,Lngv-CCNA6600-Eldom-Z2A,Ingreso,Don Alberto,1,1,
2025/4/8,Aplique de Ext/Int GU10 1X7W Wing,AN-Aplque1X7W-Elect-Z1A,Ingreso,Grandbell,3,3,
2025/4/8,Argenplas Conductor Unipolar 1;5 MM Rojo,Argnpls-CU1.5-R-Elect-Z1A,Ingreso,Don Alberto,1,1,
2025/4/8,Awaduct Caño 40X50,Aw-CÑ40X50-Sant-Z2B,Ingreso,Don Alberto,1,1,
2025/4/8,Awaduct Caño 50X50,Aw-CÑ50X50-Sant-Z2B,Ingreso,Don Alberto,1,1,
2025/4/8,Awaduct Cupla de 110MM,Aw-C110MM-Sant-Z2B,Ingreso,Don Alberto,1,1,
2025/4/8,Awaduct Cupla de 63MM,Aw-C63MM-Sant-Z2B,Ingreso,Don Alberto,1,1,
2025/4/8,Awaduct Tapa 110,Aw-TP110-Sant-Z2B,Ingreso,Don Alberto,1,1,
2025/4/8,Awaduct Tapon 110MM,Aw-TAPON110-Sant-Z2B,Ingreso,Don Alberto,2,2,
2025/4/8,Bacha Peirano Circular Apoyo 32X14;5 Cm,Pei-BchaCircular-Sant-Z2B,Ingreso,Pool 460/459,4,4,
2025/4/8,Bacha Porcelana Sanitaria,Frr-BchaPor-Sant-Z2B,Ingreso,Don Alberto,1,1,
2025/4/8,Bacha Roca Inspira Round 37Cm Apoyo Redonda Bco,Rc-BachaRedondaApoyo-Sant-Z2B,Ingreso,Grandbell,2,2,
2025/4/8,Bacha Roca Inspira Soft Apoyo 50x37x14 Bco,Rc-BchaSoftApoyo-Sant-Z2B,Ingreso,Grandbell,1,1,
2025/4/8,Bari-Deposito de Apoyar Desc Dual-Linea Bari,Frr-DpsitoBari-Sant-Z2B,Ingreso,Don Alberto,1,1,
2025/4/8,Bari-Inodoro Largo-Linea Bari,Frr-IndBari-Sant-Z2B,Ingreso,Don Alberto,1,1,
2025/4/8,Bastidor Tablero,AN-BT-Elect-Z1A,Ingreso,Grandbell,1,1,
2025/4/8,Bide Roca Monaco 3 AG Blanco,Rc-BdtMonaco3AG-Sant-Z2B,Ingreso,Pool 460/459,4,4,
2025/4/8,Black Velvet Bidet C.C 70-190,Pei-BdtBlackV-Sant-Z2B,Ingreso,Pool 460/459,5,5,
2025/4/8,Black Velvet Ducha Embutir C/T C.C Plus 80-190P,Pei-DchaBlackVCtransf-Sant-Z2B,Ingreso,Pool 460/459,4,4,
2025/4/8,Black Velvet Lavatorio C.C 60-190,Pei-LavBlackV-Sant-Z2B,Ingreso,Pool 460/459,3,3,
2025/4/8,Black Velvet Lavatorio Pared C.C 62-190,Pei-LavBlackV-Sant-Z2B,Ingreso,Pool 460/459,4,4,
2025/4/8,Black Velvet Monocomando Cocina 20-190,Pei-CnaBlackV-Sant-Z2B,Ingreso,Pool 460/459,3,3,
2025/4/8,BmB Cupla de 1 (Bolsa de 50),Bmb-C1-Elect-Z1A,Ingreso,FlyDac,100,100,
2025/4/8,BmB Cupla de 3/4 (Bolsas de 100),Bmb-C3/4-Elect-Z1A,Ingreso,FlyDac,1000,1000,
2025/4/8,BmB Cupla de 3/4 (Bolsas de 100),Bmb-C3/4-Elect-Z1A,Ingreso,Pool 460/459,150,150,
2025/4/8,BmB Curva de Plastico para caño 3/4 (Bolson),Bmb-CP3/4-Elect-Z1A,Ingreso,FlyDac,100,100,
2025/4/8,BmB Curva de Plastico para caño 3/4 (Bolson),Bmb-CP3/4-Elect-Z1A,Ingreso,Ribera,99,99,
2025/4/8,"BmB Curva de Plastico para caño de 1""",Bmb-CP1-Elect-Z1A,Ingreso,FlyDac,104,104,
2025/4/8,"BmB Curva de Plastico para caño de 1""",Bmb-CP1-Elect-Z1A,Ingreso,Pool 460/459,40,40,
2025/4/8,Boca Aw Ac-Cocina 63x50,Aw-BCCocin63x50-Sant-Z2B,Egreso,Pool 460/459,2,-2,
2025/4/8,Boca Aw Acc Horizontal Acome Cerrados 110x63,Aw-BcaHrz110x63-Sant-Z2B,Ingreso,Don Alberto,1,1,
2025/4/8,Boca Aw Acc Horizontal Acome Cerrados 110x63,Aw-BcaHrz110x63-Sant-Z2B,Egreso,Pool 460/459,2,-2,
2025/4/8,Bomba Presurizadora Motorarg,AN-BombaPresMotorarg-Sant-Z2B,Ingreso,Pool 460/459,1,1,
2025/4/8,Bomba Vulcano de 075,Vlcno-BmbaVulcano075-Sant-Z2B,Ingreso,Pool 460/459,1,1,
2025/4/8,Buje Aw M-H 110X63,Aw-BJ110X63MH-Sant-Z2B,Ingreso,Don Alberto,1,1,
2025/4/8,Buje PP 2 X 11/2,AN-BJ2X11/2-Sant-Z2B,Ingreso,Pool 460/459,1,1,
2025/4/8,Caja de Pase 115X165X110,Gr-CP115X165X110-Elect-Z1A,Ingreso,FlyDac,1,1,
2025/4/8,Caja de Piso Vinilico,AN-CpisoV-Crrln-Z3G,Ingreso,Grandbell,1,1,
2025/4/8,Camara Septica,AN-CamaraSep-Sant-Z2B,Egreso,Pool 460/459,2,-2,
2025/4/8,CasaBlanca Pro Interior (xLt),CB-ProInterior-Pnt-Z3G,Ingreso,FlyDac,10,10,
2025/4/8,Casablanca Esmalte Sintetico MultiAccion 3 en 1 (xlts) (cerrado),CB-ESMA-Pnt-Z3G,Ingreso,FlyDac,0.9,0.9,
2025/4/8,Casablanca Interioir Mate Balsamo(x lts) Bse B (Abierto),CB-BLS-Pnt-Z3G,Ingreso,FlyDac,3.6,3.6,
2025/4/8,Casablanca Interioir Mate Base A (xlts) (Abierto),CB-PINT-Pnt-Z3G,Ingreso,FlyDac,4.5,4.5,
2025/4/8,Casablanca Interioir Mate Blanco (xLts) (Abierto),CB-PINT-Pnt-Z3G,Ingreso,FlyDac,11,11,
2025/4/8,Casablanca Interioir Mate Copa Real (x lts) Bse B (Abierto),CB-PINT-Pnt-Z3G,Ingreso,FlyDac,9,9,
2025/4/8,Caño PVC 1,AN-CÑPVC1-Elect-Z1A,Ingreso,Don Alberto,21,21,
2025/4/8,Caño PVC 3/4,AN-CÑPVC3/4-Elect-Z1A,Ingreso,Don Alberto,3,3,
2025/4/8,"Caños Galvanizados de 4"" de 1m","AN-CÑGalv4""x1M-Sant-Z2B",Ingreso,Don Alberto,8,8,
2025/4/8,"Caños Galvanizados de 4"" de 1m","AN-CÑGalv4""x1M-Sant-Z2B",Ingreso,Solares,3,3,
2025/4/8,Clavos 1 1/2 (x bolsa de 1 Kg),AN-C1.2-Crrln-,Ingreso,FlyDac,5,5,
2025/4/8,Cocina Drean CD5502AI,Drn-CCNA-Eldom-Z2A,Ingreso,Pool 460/459,1,1,
2025/4/8,Cocina Electrolux 56DXQ,Elclx-CCNA-Eldom-Z2A,Ingreso,FlyDac,1,1,
2025/4/8,Codo 20MM gris Amanco,Amnco-CD20MM-Sant-Z2B,Egreso,Don Alberto,2,-2,
2025/4/8,Codo Aw 40 H-H 90,Aw-CD40HH90-Sant-Z2B,Ingreso,Don Alberto,6,6,
2025/4/8,Codo Aw 40 M-H 90,Aw-CD40MH90-Sant-Z2B,Ingreso,Don Alberto,2,2,
2025/4/8,Codo Aw 45 H-H 110,Aw-CD45HH110-Sant-Z2B,Egreso,Pool 460/459,12,-12,
2025/4/8,Codo Aw 45 H-H 40,Aw-CD45HH40-Sant-Z2B,Egreso,Pool 460/459,10,-10,
2025/4/8,Codo Aw 45 H-H 50,Aw-CD45HH50-Sant-Z2B,Egreso,Pool 460/459,4,-4,
2025/4/8,Codo Aw 45 H-H 63,Aw-CD45HH63-Sant-Z2B,Egreso,Pool 460/459,10,-10,
2025/4/8,Codo Aw 45 M-H 110,Aw-CD45MH110-Sant-Z2B,Egreso,Pool 460/459,12,-12,
2025/4/8,Codo Aw 45 M-H 40,Aw-CD45MH40-Sant-Z2B,Egreso,Pool 460/459,10,-10,
2025/4/8,Codo Aw 45 M-H 50,Aw-CD45MH50-Sant-Z2B,Egreso,Pool 460/459,4,-4,
2025/4/8,Codo Aw 45 M-H 63,Aw-CD45MH63-Sant-Z2B,Egreso,Pool 460/459,10,-10,
2025/4/8,Codo Aw 90 H-H 110,Aw-CD90HH110-Sant-Z2B,Egreso,Pool 460/459,10,-10,
2025/4/8,Codo Aw 90 H-H 40,Aw-CD90HH40-Sant-Z2B,Egreso,Pool 460/459,8,-8,
2025/4/8,Codo Aw 90 H-H 50,Aw-CD90HH50-Sant-Z2B,Egreso,Pool 460/459,4,-4,
2025/4/8,Codo Aw 90 M-H 110,Aw-CD90MH110-Sant-Z2B,Egreso,Pool 460/459,10,-10,
2025/4/8,Codo Aw 90 M-H 40,Aw-CD90MH40-Sant-Z2B,Egreso,Pool 460/459,8,-8,
2025/4/8,Codo Aw 90 M-H 50,Aw-CD90MH50-Sant-Z2B,Egreso,Pool 460/459,4,-4,
2025/4/8,Codo Aw 90 M-H 63,Aw-CD90MH63-Sant-Z2B,Egreso,Pool 460/459,6,-6,
2025/4/8,Codo Aw Hembra Corta H-H 40,Aw-CDHEMBR40HH-Sant-Z2B,Egreso,Pool 460/459,4,-4,
2025/4/8,"Codo Galvanizado de 4"" a 45","AN-CDGalv4""45-Sant-Z2B",Ingreso,Don Alberto,2,2,
2025/4/8,"Codo Galvanizado de 4"" a 90","AN-CDGalv4""90-Sant-Z2B",Ingreso,Don Alberto,2,2,
2025/4/8,"Codo Galvanizado de 4"" a 90","AN-CDGalv4""90-Sant-Z2B",Ingreso,Solares,2,2,
2025/4/8,Colgante c/Acrilico Led 1694MM Tasso,AN-ClganteLed1694MM-Elect-Z1A,Ingreso,Grandbell,2,2,
2025/4/8,Commax Portero con Apertura 1 telefono frente Embutir,Cmm-PAE1-Elect-Z1A,Ingreso,Pool 460/459,3,3,
2025/4/8,Compañía Nativa Fiso de Madera,Cnat-FM--,Ingreso,Solares,1,1,
2025/4/8,Controlador de Luces,AN-Contrldrluces-Elect-Z1A,Ingreso,Solares,1,1,
2025/4/8,Daccord Bari-Tapa Mdf Herraje Nylon,Frr-TpBari-Sant-Z2B,Ingreso,Don Alberto,1,1,
2025/4/8,Daccord T/In Monaco Madera H/Nylon,Pei-AsntoMonaco-Sant-Z2B,Ingreso,Pool 460/459,7,7,
2025/4/8,Denka Cinta Aisladora PVC Vini Tape 10 Mts,Dk-CINA-Elect-Z1A,Ingreso,FlyDac,59,59,
2025/4/8,Dicrioca PVC 7W GU10 Luz Calida,AN-DicriocaPVC7Wcal-Elect-Z1A,Ingreso,Grandbell,24,24,
2025/4/8,Dixilina Diluyente a Base de Aguarras (xlts) (Abierto),Dx-DIL-Pnt-Z3G,Ingreso,FlyDac,1,1,
2025/4/8,Downligh Medida Linea (1;20) Cocina y Oficina,AN-DwnLMedida(1;20)-Elect-Z1A,Ingreso,Grandbell,4,4,
2025/4/8,Downligh Medida Linea (1;70) Cocina,AN-DwnLMedida(1;70)-Elect-Z1A,Ingreso,Grandbell,1,1,
2025/4/8,Downligh Medida Linea (L) Cocina,AN-DwnLMedidaLinea(L)-Elect-Z1A,Ingreso,Grandbell,1,1,
2025/4/8,Downligh Perimetral Comedor 3000K (9;00M),AN-DwnLPerimetralCOMEDOR9MM-Elect-Z1A,Ingreso,Grandbell,1,1,
2025/4/8,Eliane 10x20 Metro White Liso x1M2,AN-Eliane10x20-Crrln-Z3G,Ingreso,Pool 460/459,4,4,
2025/4/8,Embudo Aw Acanalado C/Rej 20x20,Aw-EMBAcan20x20-Sant-Z2B,Ingreso,Pool 460/459,22,22,
2025/4/8,Embutido C/ placa Led 7W Bt:Alther,AN-EMBTPlcLed7W-Elect-Z1A,Ingreso,Grandbell,9,9,
2025/4/8,Empotrable 1 Luzs 40 MM 45L 2W Gyon Plus,AN-Empotrb1L40MM-Elect-Z1A,Ingreso,Grandbell,7,7,
2025/4/8,Empotrable 10 Luces 275MM 30L 20W Gyon Plus,AN-Empotrb10L275MM-Elect-Z1A,Ingreso,Grandbell,1,1,
2025/4/8,Empotrable 2 Luces 63 MM 45L 14W Gyon Plus,AN-Empotrb2L63MM-Elect-Z1A,Ingreso,Grandbell,15,15,
2025/4/8,Empotrable 5Luces 142MM 30L 10W Gyon Plus,AN-Empotrb5L142MM-Elect-Z1A,Ingreso,Grandbell,17,17,
2025/4/8,Epuyen (Te-00450-NG) Cond. Telefonico 4 pares Subt.782,Ep-CT4P-Elect-Z1A,Ingreso,Pool 460/459,200,200,
2025/4/8,Epuyen Fv Monoc. Bidet 189/L2 CR,Fv-BdtFvMonoc-Sant-Z2B,Ingreso,Grandbell,2,2,
2025/4/8,Epuyen Fv Monoc.Lavatorio Alto 181.02/L2 CR,Fv-LavAltoFv-Sant-Z2B,Ingreso,Grandbell,2,2,
2025/4/8,Erpa Disco Amarillo 115 Segmentado,Erpa-DscoSegmenAmari115-Sant-Z2B,Egreso,Pool 460/459,4,-4,
2025/4/8,Erpa Disco Amarillo 230 Segmentado,Erpa-DscoSegmenAmari230-Sant-Z2B,Egreso,Pool 460/459,2,-2,
2025/4/8,Erpa Disco Corte Abrasivo DSA PCP,Erpa-DscoAbrsv-Sant-Z2B,Egreso,Pool 460/459,10,-10,
2025/4/8,Ferrum Bacha Tori Vasija Chica LK303 B,Frr-BchaTori-Sant-Z2B,Ingreso,FlyDac,1,1,
2025/4/8,Filtro Vulcano de 30,Vlcno-Filtro30-Sant-Z2B,Ingreso,Pool 460/459,1,1,
2025/4/8,Fuente 220-12V,AN-F220-12V-Elect-Z1A,Ingreso,Grandbell,4,4,
2025/4/8,Gen Rod Caja Exterior Plastica 8 ocas Ecoo,Gr-CTExt8B-Elect-Z1A,Ingreso,FlyDac,2,2,
2025/4/8,Gen Rod Caja Exterior plASTICA 12 Bocas Ecoo,Gr-CTExt12B-Elect-Z1A,Ingreso,FlyDac,2,2,
2025/4/8,Gen Rod Caja Termica 24 Bocas Embutir Plastica Ecoo,Gr-CT24B-Elect-Z1A,Ingreso,Pool 460/459,1,1,
2025/4/8,Gen Rod Caja Termica 36 Bocas Embutir Plastica Ecoo,Gr-CT36B-Elect-Z1A,Ingreso,FlyDac,1,1,
2025/4/8,Gen Rod Caja Termica 4 Bocas Embutir Plastica Ecoo,Gr-CT4B-Elect-Z1A,Ingreso,FlyDac,1,1,
2025/4/8,Gen Rod Caja Termica 8 Bocas Embutir Plastica Ecoo,Gr-CT8B-Elect-Z1A,Ingreso,Pool 460/459,5,5,
2025/4/8,Gen Rod Caja Termica Exterior 1 Bip Blanca con tapa Fumé,Gr-CTExt1Bip-Elect-Z1A,Ingreso,FlyDac,2,2,
2025/4/8,Gen Rod Caja de Conexión Estanca PVC 165x165x80 Blanca,Gr-CEstanca165x165x80-Elect-Z1A,Ingreso,FlyDac,10,10,
2025/4/8,Gen Rod Caja de Conexión Estanca PVC 210x210x110 Blanco,Gr-CEstanca210x210x110-Elect-Z1A,Ingreso,FlyDac,1,1,
2025/4/8,Gen Rod Caja de Inspeccion Jabalina 15x15 Aislante,Gr-CINSPJAB1515-Elect-Z1A,Ingreso,Ribera,1,1,
2025/4/8,Gen Rod Jabalina C/Toma Cable 3/8x1Mts,Gr-JTC3/8-Elect-Z1A,Ingreso,FlyDac,1,1,
2025/4/8,Gen Rod Jabalina C/Toma Cable 3/8x1Mts,Gr-JTC3/8-Elect-Z1A,Ingreso,Ribera,1,1,
2025/4/8,Gen Rod Jabalina con Toma Cable 1/2 x 1;5 Mts,Gr-JTC1/2-Elect-Z1A,Ingreso,Pool 460/459,7,7,
2025/4/8,Gen Rod caño flexible Liviano Blanco 20MM (x25mts) 3/4,Gr-CÑFlexLiv3/4-Elect-Z1A,Ingreso,FlyDac,745,745,
2025/4/8,GenRod Caja p/Monoblock con base NH S/Fusible (085203),Gr-CMPNH-Elect-Z1A,Ingreso,Pool 460/459,5,5,
2025/4/8,GenRod Caja para Termica 48 Bocas Embutir Plastica Ecoo,Gr-CT48B-Elect-Z1A,Egreso,Don Alberto,1,-1,
2025/4/8,Genrod Caja de pase 20x20,Gr-CP20X20-Elect-Z1A,Ingreso,FlyDac,1,1,
2025/4/8,Genrod Caja de pase derivacion (unidades) 15x15,Gr-CP15X15-Elect-Z1A,Ingreso,FlyDac,5,5,
2025/4/8,Grferia Libby cocina mes 411;04/39,AN-CnaLibby411;04/39-Sant-Z2B,Ingreso,Grandbell,1,1,
2025/4/8,Griferia Lavatorio Monocomando Peirano Mora,Pei-LavMora-Sant-Z2B,Ingreso,Ribera,1,1,
2025/4/8,Griferia de Bidet Peirano Adra,Pei-BdtAdra-Sant-Z2B,Ingreso,Ribera,6,6,
2025/4/8,Griferia de Cocina Monocomanco Peirano Adra,Pei-CnaAdra-Sant-Z2B,Ingreso,Ribera,4,4,
2025/4/8,Griferia de Ducha Embutir Peirano Adra,Pei-DchaAdra-Sant-Z2B,Ingreso,Ribera,4,4,
2025/4/8,Griferías de ducha de embutir Peirano Adra (SIN CUADRO),Pei-DchaAdraS/C-Sant-Z2B,Ingreso,Ribera,3,3,
2025/4/8,Griferías de lavatorio de embutir Peirano Adra (SIN CUADRO),Pei-LavAdraS/C-Sant-Z2B,Ingreso,Ribera,3,3,
2025/4/8,Horno Longive H1500XF,Lngv-CCNA-Eldom-Z2A,Ingreso,FlyDac,2,2,
2025/4/8,Huferjo Caño Rigido 3/4 x 3mts,Hfr-CÑPlas3/4-Elect-Z1A,Ingreso,Don Alberto,60,60,
2025/4/8,Huferjo Curva Pvc 3/4,Hfr-CP3/4-Elect-Z1A,Ingreso,Don Alberto,40,40,
2025/4/8,ICONIA ROCA MONOC. DUCHA C/T CR,Rc-DchaIconia-Sant-Z2B,Ingreso,Grandbell,4,4,
2025/4/8,Iconia Roca Monoc. Bidet CR A54703ACOL,Rc-BdtRocaMonoc-Sant-Z2B,Ingreso,Grandbell,1,1,
2025/4/8,Ideal Deposito de Empotrar con Descarga Dual para Ahorro de Agua,Ide-DED-Sant-Z2B,Ingreso,Grandbell,1,1,
2025/4/8,Ilva 45x90 Mediterranea Dig Steel i x 1;22M2,Ilv-PRCmd122-Crrln-Z3G,Ingreso,FlyDac,2,2,
2025/4/8,Ilva 45x90 Mediterranea Dig Steel i x 1;22M2,Ilv-PRCmd122-Crrln-Z3G,Ingreso,Pool 460/459,27,27,
2025/4/8,Inodoro Roca Monaco Largo Bco,Rc-IndlrgMonaco-Sant-Z2B,Ingreso,Pool 460/459,6,6,
2025/4/8,JA C37 CR A304 Doble C/Atrb.70.8X37X15,Jhns-PletaCocinaDobleC37-Sant-Z2B,Ingreso,Pool 460/459,2,2,
2025/4/8,JA E 54 A/304 Simple 54x36x24,AN-JAE54X36X24-Sant-Z2B,Ingreso,Grandbell,1,1,
2025/4/8,JA G 50 A/304 Simple 50x40x26,AN-JA50X40X26simple-Sant-Z2B,Ingreso,Grandbell,1,1,
2025/4/8,JA Q085A A/304 Doble 85.5x48.2x17.5 C/Orif,AN-JA85.5X48.2X17.5 -Sant-Z2B,Ingreso,Grandbell,1,1,
2025/4/8,JA Z52/18 A/430 Simple 52X32X18,Jhns-PletaCocinaSimpleZ52/18-Sant-Z2B,Egreso,Pool 460/459,3,-3,
2025/4/8,Jeluz Bastidor de Embutir 5X10Cm 3 Modulos,Jz-BEmbtr5X10-3Mod-Elect-Z1A,Ingreso,Pool 460/459,90,90,
2025/4/8,Jeluz Platinum Modulo 2 Tomas Combinado + Tierra 2x10A-250Vca Bl,Jz-MTC2-Elect-Z1A,Ingreso,FlyDac,60,60,
2025/4/8,Jeluz Platinum Modulo 2 tomas Normalizado +Tierra 2x10A-250VCA Bl,Jz-MTN2-Elect-Z1A,Ingreso,FlyDac,50,50,
2025/4/8,Jeluz Platinum Modulo 2 tomas Normalizado +Tierra 2x10A-250VCA Bl,Jz-MTN2-Elect-Z1A,Ingreso,Pool 460/459,90,90,
2025/4/8,Jeluz Platinum Modulo Combinacion Blanco 220V 10A,Jz-MCB10-Elect-Z1A,Ingreso,FlyDac,30,30,
2025/4/8,Jeluz Platinum Modulo Combinacion Blanco 220V 10A,Jz-MCB10-Elect-Z1A,Ingreso,Pool 460/459,44,44,
2025/4/8,Jeluz Platinum Modulo Punto Blanco 220V 10A,Jz-MPB10-Elect-Z1A,Ingreso,FlyDac,70,70,
2025/4/8,Jeluz Platinum Modulo Punto Blanco 220V 10A,Jz-MPB10-Elect-Z1A,Ingreso,Pool 460/459,80,80,
2025/4/8,Jeluz Platinum Modulo Toma 10A Blanco Combinado,Jz-MTC10-Elect-Z1A,Ingreso,Pool 460/459,140,140,
2025/4/8,Jeluz Platinum Modulo Toma Blanco 20A 250V,Jz-MTB20-Elect-Z1A,Egreso,Pool 460/459,40,-40,
2025/4/8,Jeluz Platinum Modulo Tv C/Acople pasante pin grueso Blanco,Jz-MTV-Elect-Z1A,Ingreso,Pool 460/459,15,15,
2025/4/8,Jeluz Platinum Tapa Rectangular Blanca,Jz-TRB-Elect-Z1A,Ingreso,FlyDac,200,200,
2025/4/8,Jeluz Platinum Tapa Rectangular Blanca,Jz-TRB-Elect-Z1A,Ingreso,Pool 460/459,400,400,
2025/4/8,Jeluz Platinum Tapon Ciego Blanco,Jz-TCB-Elect-Z1A,Ingreso,FlyDac,10,10,
2025/4/8,Jeluz Platinum Tapon Ciego Blanco,Jz-TCB-Elect-Z1A,Ingreso,Pool 460/459,90,90,
2025/4/8,Jeluz Tapa 5x5 Mignon Blanco,Jz-T5X5MGB-Elect-Z1A,Ingreso,FlyDac,32,32,
2025/4/8,Jeluz Termica 2x10,Jz-T2X10-Elect-Z1A,Ingreso,FlyDac,3,3,
2025/4/8,Jeluz Termica 2x16,Jz-T2x16-Elect-Z1A,Ingreso,FlyDac,3,3,
2025/4/8,Jeluz Toma de telefonos tipo Americano 4 vias,Jz-TT4V-Elect-Z1A,Ingreso,Pool 460/459,10,10,
2025/4/8,Jeluz Verona Bastidor Oculto Rectangular,Jz-VBOR-Elect-Z1A,Ingreso,Pool 460/459,450,450,
2025/4/8,Jeluz Verona Estanco 2 Mod.Bast y Tapa Transp,Jz-EMBT-Elect-Z1A,Ingreso,Pool 460/459,23,23,
2025/4/8,Johns Acces Escurreplatos (Esac Q40),Jhns-Escurreplatos-Sant-Z2B,Egreso,Solares,1,-1,
2025/4/8,Johns Pileta Simple (54x36x24) (E 54),Jhns-PletaSimple-Sant-Z2B,Egreso,Solares,1,-1,
2025/4/8,Johnson Acero Desagues de Bacha,Jhn-BchaDes-Sant-Z2B,Ingreso,FlyDac,4,4,
2025/4/8,Kalop Conductor Subterraneo 3x1;5 (x125mts),Kp-CS3X1.5-125-Elect-Z1A,Egreso,FlyDac,14,-14,
2025/4/8,Kalop Conductor Subterraneo 3x2;5 (x150mts),Kp-CS3X2.5-150-Elect-Z1A,Ingreso,FlyDac,1,1,
2025/4/8,Kalop Conductor Unipolar 10MM Celeste,Kp-CU10-C-Elect-Z1A,Ingreso,FlyDac,1,1,
2025/4/8,Kalop Conductor Unipolar 10MM Rojo,Kp-CU10-R-Elect-Z1A,Ingreso,FlyDac,1,1,
2025/4/8,Kalop Conductor Unipolar 10MM V/Amarillo,Kp-CU10-VY-Elect-Z1A,Ingreso,FlyDac,1,1,
2025/4/8,Kalop Conductor Unipolar 1;5 MM Celeste,Kp-CU1.5-C-Elect-Z1A,Ingreso,Don Alberto,1,1,
2025/4/8,Kalop Conductor Unipolar 1;5 MM Celeste,Kp-CU1.5-C-Elect-Z1A,Ingreso,FlyDac,6,6,
2025/4/8,Kalop Conductor Unipolar 1;5 MM Celeste,Kp-CU1.5-C-Elect-Z1A,Ingreso,Grandbell,2,2,
2025/4/8,Kalop Conductor Unipolar 1;5 MM Celeste,Kp-CU1.5-C-Elect-Z1A,Ingreso,Solares,2,2,
2025/4/8,Kalop Conductor Unipolar 1;5 MM Marron,Kp-CU1.5-M-Elect-Z1A,Ingreso,FlyDac,4,4,
2025/4/8,Kalop Conductor Unipolar 1;5 MM Marron,Kp-CU1.5-M-Elect-Z1A,Ingreso,Solares,2,2,
2025/4/8,Kalop Conductor Unipolar 1;5MM Blanco,Kp-CU1.5-W-Elect-Z1A,Ingreso,FlyDac,6,6,
2025/4/8,Kalop Conductor Unipolar 1;5MM Blanco,Kp-CU1.5-W-Elect-Z1A,Ingreso,Solares,2,2,
2025/4/8,Kalop Conductor Unipolar 1;5MM Negro,Kp-CU1.5-N-Elect-Z1A,Ingreso,FlyDac,4,4,
2025/4/8,Kalop Conductor Unipolar 1;5MM Negro,Kp-CU1.5-N-Elect-Z1A,Ingreso,Solares,2,2,
2025/4/8,Kalop Conductor Unipolar 1;5MM Rojo,Kp-CU1.5-R-Elect-Z1A,Ingreso,FlyDac,6,6,
2025/4/8,Kalop Conductor Unipolar 1;5MM Rojo,Kp-CU1.5-R-Elect-Z1A,Ingreso,Grandbell,2,2,
2025/4/8,Kalop Conductor Unipolar 1;5MM Rojo,Kp-CU1.5-R-Elect-Z1A,Ingreso,Ribera,1,1,
2025/4/8,Kalop Conductor Unipolar 1;5MM Rojo,Kp-CU1.5-R-Elect-Z1A,Ingreso,Solares,2,2,
2025/4/8,Kalop Conductor Unipolar 1;5MM V/Amarillo,Kp-CU1.5-VY-Elect-Z1A,Ingreso,Don Alberto,2,2,
2025/4/8,Kalop Conductor Unipolar 1;5MM V/Amarillo,Kp-CU1.5-VY-Elect-Z1A,Ingreso,FlyDac,7,7,
2025/4/8,Kalop Conductor Unipolar 2;5MM Celeste,Kp-CU2.5-C-Elect-Z1A,Ingreso,FlyDac,15,15,
2025/4/8,Kalop Conductor Unipolar 2;5MM Celeste,Kp-CU2.5-C-Elect-Z1A,Ingreso,Grandbell,5,5,
2025/4/8,Kalop Conductor Unipolar 2;5MM Celeste,Kp-CU2.5-C-Elect-Z1A,Ingreso,Solares,4,4,
2025/4/8,Kalop Conductor Unipolar 2;5MM Marron,Kp-CU2.5-M-Elect-Z1A,Ingreso,Don Alberto,2,2,
2025/4/8,Kalop Conductor Unipolar 2;5MM Marron,Kp-CU2.5-M-Elect-Z1A,Ingreso,FlyDac,3,3,
2025/4/8,Kalop Conductor Unipolar 2;5MM Negro,Kp-CU2.5-N-Elect-Z1A,Ingreso,FlyDac,3,3,
2025/4/8,Kalop Conductor Unipolar 2;5MM Negro,Kp-CU2.5-N-Elect-Z1A,Ingreso,Grandbell,3,3,
2025/4/8,Kalop Conductor Unipolar 2;5MM Negro,Kp-CU2.5-N-Elect-Z1A,Ingreso,Solares,2,2,
2025/4/8,Kalop Conductor Unipolar 2;5MM Rojo,Kp-CU2.5-R-Elect-Z1A,Ingreso,FlyDac,12,12,
2025/4/8,Kalop Conductor Unipolar 2;5MM Rojo,Kp-CU2.5-R-Elect-Z1A,Ingreso,Grandbell,4,4,
2025/4/8,Kalop Conductor Unipolar 2;5MM Rojo,Kp-CU2.5-R-Elect-Z1A,Ingreso,Solares,4,4,
2025/4/8,Kalop Conductor Unipolar 2;5MM V/Amarillo,Kp-CU2.5-VY-Elect-Z1A,Ingreso,FlyDac,16,16,
2025/4/8,Kalop Conductor Unipolar 2;5MM V/Amarillo,Kp-CU2.5-VY-Elect-Z1A,Ingreso,Grandbell,6,6,
2025/4/8,Kalop Conductor Unipolar 2;5MM V/Amarillo,Kp-CU2.5-VY-Elect-Z1A,Ingreso,Solares,7,7,
2025/4/8,Kalop Conductor Unipolar 4MM Celeste,Kp-CU4-C-Elect-Z1A,Ingreso,FlyDac,4,4,
2025/4/8,Kalop Conductor Unipolar 4MM Celeste,Kp-CU4-C-Elect-Z1A,Ingreso,Grandbell,2,2,
2025/4/8,Kalop Conductor Unipolar 4MM Celeste,Kp-CU4-C-Elect-Z1A,Ingreso,Ribera,1,1,
2025/4/8,Kalop Conductor Unipolar 4MM Celeste,Kp-CU4-C-Elect-Z1A,Ingreso,Solares,2,2,
2025/4/8,Kalop Conductor Unipolar 4MM Rojo,Kp-CU4-R-Elect-Z1A,Ingreso,FlyDac,5,5,
2025/4/8,Kalop Conductor Unipolar 4MM Rojo,Kp-CU4-R-Elect-Z1A,Ingreso,Grandbell,2,2,
2025/4/8,Kalop Conductor Unipolar 4MM Rojo,Kp-CU4-R-Elect-Z1A,Ingreso,Ribera,1,1,
2025/4/8,Kalop Conductor Unipolar 4MM Rojo,Kp-CU4-R-Elect-Z1A,Ingreso,Solares,2,2,
2025/4/8,Kalop Conductor Unipolar 4MM V/Amarillo,Kp-CU4-VY-Elect-Z1A,Ingreso,FlyDac,7,7,
2025/4/8,Kalop Conductor Unipolar 4MM V/Amarillo,Kp-CU4-VY-Elect-Z1A,Ingreso,Grandbell,2,2,
2025/4/8,Kalop Conductor Unipolar 4MM V/Amarillo,Kp-CU4-VY-Elect-Z1A,Ingreso,Solares,2,2,
2025/4/8,Kalop Conductor Unipolar 6MM Rojo,Kp-CU6-R-Elect-Z1A,Ingreso,FlyDac,1,1,
2025/4/8,Kalop Conductor Unipolar 6MM V/Amarillo,Kp-CU6-VY-Elect-Z1A,Ingreso,FlyDac,1,1,
2025/4/8,KlK Imp Flex Anclaje Int x25Kg,AN-ImpFlex-Crrln-Z3G,Ingreso,FlyDac,40,40,
2025/4/8,KlK Imp Flex Anclaje Int x25Kg,AN-ImpFlex-Crrln-Z3G,Ingreso,Grandbell,3,3,
2025/4/8,KlK Imp Flex Anclaje Int x25Kg,AN-ImpFlex-Crrln-Z3G,Egreso,Pool 460/459,7,-7,
2025/4/8,KlK Mezcla Porcelanato x 30 Kg,Klk-MzclaPc-Crrln-Z3G,Ingreso,Pool 460/459,69,69,
2025/4/8,Laca al Agua Llana (Abierto) (Lts),AN-LacaalAguaLlana-Pint-Z3G,Ingreso,FlyDac,4,4,
2025/4/8,Ladrillo Refractario color cemento,AN-LadrilloRefractarioClorCement-Crrln-Z3G,Ingreso,FlyDac,34,34,
2025/4/8,Lajas Refrectarias Simil Cemento,AN-LajasRefrectarias-Crrln-Z3G,Ingreso,FlyDac,63,63,
2025/4/8,LatynFlex Flexible Mallado de Acero Inoxidable macho Giratorio 1/2x35 (xunidad),Lflx-FMASG-Sant-Z2B,Ingreso,FlyDac,12,12,
2025/4/8,Latynplast Tubo exten Universal (unidad),LtPl-TEU-Sant-Z2B,Ingreso,FlyDac,20,20,
2025/4/8,Loxon Frente,Lox-Frente-Pnt-Z3G,Ingreso,FlyDac,10,10,
2025/4/8,Lumicom (5050) Cinta Led Interioir 14;4W Calida 5Mts,Lmc-MANL-Elect-Z1A,Ingreso,Pool 460/459,28,28,
2025/4/8,M.H Conductor Unipolar 10;00 V/Amarillo,MH-CU10-Y-Elect-Z1A,Ingreso,Pool 460/459,1,1,
2025/4/8,Manguito Aw 110,Aw-Mang110-Sant-Z2B,Egreso,Pool 460/459,6,-6,
2025/4/8,Manguito Aw 40,Aw-Mang40-Sant-Z2B,Egreso,Pool 460/459,4,-4,
2025/4/8,Manguito Aw 63,Aw-Mang63-Sant-Z2B,Egreso,Pool 460/459,4,-4,
2025/4/8,Maquina Ingletadora,AN-MaqIngletadora-Crrln-Z3G,Ingreso,FlyDac,1,1,
2025/4/8,Masilla Casablanca (Abierto) (Kg),CB-MasillaCblanca-Pint-Z3G,Ingreso,FlyDac,25,25,
2025/4/8,Masilla Casablanca (Cerrado)(Kg),CB-MasillaCblanca-Pint-Z3G,Ingreso,FlyDac,32,32,
2025/4/8,Masilla Finca,AN-Mcilla-Pnt-Z3G,Ingreso,FlyDac,1,1,
2025/4/8,Matafuego 5 Kg,AN-MF5--,Ingreso,FlyDac,1,1,
2025/4/8,MayorLed Fuente Metalica Linea Slim para perfil de Aluminio y tira Led,ML-FMET-Elect-Z1A,Ingreso,FlyDac,7,7,
2025/4/8,Mensula para Aire Acondicionado,AN-MensAA-Elect-Z1A,Ingreso,Solares,2,2,
2025/4/8,Mensula para mesada,AN-MensMes-Sant-Z2B,Ingreso,Don Alberto,1,1,
2025/4/8,Mensulas Ino Flotante,AN-MIF-Sant-Z2B,Ingreso,Grandbell,6,6,
2025/4/8,Mensulas de 60 cm,AN-Mensu60Cm-Elect-Z1A,Ingreso,FlyDac,4,4,
2025/4/8,Mesadas Retiradas de Solares,AN-MesadasSolares-Sant-Z2B,Ingreso,Solares,4,4,
2025/4/8,Microalisado de Cemento,AN-MicroAlisadoCem-Pnt-Z3G,Ingreso,FlyDac,4,4,
2025/4/8,Miksa Microallisado de Cemento,Miks-MicroAlisadoCem-Pnt-Z3G,Ingreso,FlyDac,10,10,
2025/4/8,Mindan Conector de Hierro 3/4,Mnd-CH3/4-Elect-Z1A,Ingreso,FlyDac,2700,2700,
2025/4/8,Netcolor Masilla para placas de Yeso Interioir (xKg),Nc-MPYI-Pnt-Z3G,Ingreso,FlyDac,6,6,
2025/4/8,O.V CAM Aro Suplementario 10Cm,O.V-CamAroSuplm10-Sant-Z2B,Ingreso,Pool 460/459,8,8,
2025/4/8,O.V Cam Cojinete C/Marco 110 y Tapa,O.V-CamCjnMarcoyTapa110-Sant-Z2B,Ingreso,Pool 460/459,2,2,
2025/4/8,Pastina Prestige Perlato x 5 Kg (x bolsa),Prdtg-Pstina-Frrt-Z1B,Ingreso,Pool 460/459,33,33,
2025/4/8,Pegalo Sellador Acrilico Blanco (cc),Pgl-SLLDR-Frrt-Z1B,Ingreso,FlyDac,280,280,
2025/4/8,Pegalo Silicona Neutra (cc),Pgl-SN-Frrt-Z1B,Ingreso,FlyDac,280,280,
2025/4/8,Peirano Black Velvet Ducha Embutir C/Transf C.Cer Negro 80-190 P,Pei-DchaBV-Sant-Z2B,Ingreso,Pool 460/459,3,3,
2025/4/8,Peirano Fabric Cocina Monocomando Gold,Pei-CnaFabricGold-Sant-Z2B,Egreso,Solares,1,-1,
2025/4/8,Peirano Monocomando para pared de Cocina Bilbao 54-130,Pei-CnaBil-Sant-Z2B,Ingreso,FlyDac,2,2,
2025/4/8,Peirano Respuesto Set Prolongador Vastago/Campana A1189,Pei-RepSp-Sant-Z2B,Ingreso,FlyDac,11,11,
2025/4/8,Peirano Soria-Bide Monocomando C/Transferencia-70-152-Linea Soria,Pei-BdeSor-Sant-Z2B,Ingreso,Don Alberto,3,3,
2025/4/8,Peirano Soria-Bide Monocomando C/Transferencia-70-152-Linea Soria,Pei-BdeSor-Sant-Z2B,Egreso,Solares,1,-1,
2025/4/8,Perfiles Bidireccional Exteriores (x2mts cada uno),AN-PBE-Elect-Z1A,Ingreso,FlyDac,1,1,
2025/4/8,Perfiles para Mensula mesada,AN-PMM-Sant-Z2B,Ingreso,Don Alberto,3,3,
2025/4/8,Perfiles para Tira Led Per11 embutir (x2mts cada uno),AN-PTL11-Elect-Z1A,Ingreso,FlyDac,1,1,
2025/4/8,Perfiles para Tira Led Per12 para aplicar (x2mts cada uno),AN-PTL32-Elect-Z1A,Ingreso,FlyDac,4,4,
2025/4/8,Perfiles para Tira Led Per14 embutir (x2mts cada uno),AN-PTL14-Elect-Z1A,Ingreso,FlyDac,1,1,
2025/4/8,Perfiles para Tira Led Per32 para aplicar (x1/2mts cada uno),AN-PTL32-Elect-Z1A,Ingreso,FlyDac,2,2,
2025/4/8,Pileta Acero 304 Simple-Luxor SI 71A-Simples-71x48;2x21,Lux-Pleta71x48-Sant-Z2B,Ingreso,Don Alberto,1,1,
2025/4/8,Pileta de Patio Bajo Losa Aw,Aw-PletaPatioBajoLosa-Sant-Z2B,Ingreso,Don Alberto,1,1,
2025/4/8,Pintura Casablanca Exterior Blanco (Abierto) (Kg),CB-PintCasablancaExtBlanco-Pint-Z3G,Ingreso,FlyDac,15,15,
2025/4/8,Pintura Casablanca Fibrada Blanco (Abierto) (Lts),CB-PintCasablancaFibradaBlanco-Pint-Z3G,Ingreso,FlyDac,18,18,
2025/4/8,Pintura Quantum Cielorraso Blanco Mate (Abierto) (Lts),AN-PinturaClrrsoMatBlan-Pint-Z3G,Ingreso,FlyDac,12,12,
2025/4/8,Plafon 5 Luces 140MM C/Opticas 10W 30 Gyon,AN-Plfn5L140MM-Elect-Z1A,Ingreso,Grandbell,6,6,
2025/4/8,Poximix Mezcla Adhesiva Blanca (xkg),Pxmx-MAB-Crrln-Z1B,Ingreso,FlyDac,12,12,
2025/4/8,Prolongador Vastago (los que traen las griferias) (xjuego),AN-PV-Sant-Z2B,Ingreso,FlyDac,4,4,
2025/4/8,Ramal Aw 45 110X110 M-H,Aw-RM45MH110X110-Sant-Z2B,Ingreso,Don Alberto,1,1,
2025/4/8,Ramal Aw 45 110X110 M-H,Aw-RM45MH110X110-Sant-Z2B,Egreso,Pool 460/459,20,-20,
2025/4/8,Ramal Aw 45 110X40 M-H,Aw-RM45MH110X40-Sant-Z2B,Egreso,Pool 460/459,4,-4,
2025/4/8,Ramal Aw 45 110X63 M-H,Aw-RM45MH110X63-Sant-Z2B,Egreso,Pool 460/459,4,-4,
2025/4/8,Ramal Aw 45 40X40 M-H,Aw-RM45MH40X40-Sant-Z2B,Egreso,Pool 460/459,2,-2,
2025/4/8,Ramal Aw 45 63X63 M-H,Aw-RM45MH63X63-Sant-Z2B,Egreso,Pool 460/459,2,-2,
2025/4/8,Reel para Spot Blanco de Aplicar (x2mts cada uno),AN-REEL-Elect-Z1A,Ingreso,FlyDac,2,2,
2025/4/8,Reflex 1;5 MM Celeste,Rflx-Rflx1;5-C-Elect-Z1A,Ingreso,FlyDac,7,7,
2025/4/8,Reflex 1;5MM Blanco,Rflx-Rflx1;5-B-Elect-Z1A,Ingreso,FlyDac,2,2,
2025/4/8,Reflex 1;5MM Negro,Rflx-Rflx1;5-N-Elect-Z1A,Ingreso,FlyDac,1,1,
2025/4/8,Reflex 1;5MM Rojo,Rflx-Rflx1;5-R-Elect-Z1A,Ingreso,FlyDac,7,7,
2025/4/8,Reflex 1;5MM Verde,Rflx-Rflx1;5-V-Elect-Z1A,Ingreso,FlyDac,8,8,
2025/4/8,Reflex 2;5MM Celeste,Rflx-Rflx2;5-C-Elect-Z1A,Ingreso,FlyDac,12,12,
2025/4/8,Reflex 2;5MM Rojo,Rflx-Rflx2;5-R-Elect-Z1A,Ingreso,FlyDac,12,12,
2025/4/8,Reflex 2;5MM Verde,Rflx-Rflx2;5-V-Elect-Z1A,Ingreso,FlyDac,12,12,
2025/4/8,Reflex 4MM Celeste,Rflx-Rflx4-C-Elect-Z1A,Ingreso,FlyDac,3,3,
2025/4/8,Reflex 4MM Rojo,Rflx-Rflx4-R-Elect-Z1A,Ingreso,FlyDac,3,3,
2025/4/8,Reflex 4MM Verde,Rflx-Rflx4-V-Elect-Z1A,Ingreso,FlyDac,4,4,
2025/4/8,Reflex 6MM Celeste,Rflx-Rflx6-C-Elect-Z1A,Ingreso,FlyDac,1,1,
2025/4/8,Reflex 6MM Rojo,Rflx-Rflx6-R-Elect-Z1A,Ingreso,FlyDac,1,1,
2025/4/8,Reflex 6MM Verde,Rflx-Rflx6-V-Elect-Z1A,Ingreso,FlyDac,2,2,
2025/4/8,Restaurador Llana (Abierto) (Kg),AN-Restaurador Llana-Pint-Z3G,Ingreso,FlyDac,23,23,
2025/4/8,Revomax Pegamento (X Kg),Rvmx-Pegamento-Pnt-Z3G,Ingreso,FlyDac,5,5,
2025/4/8,Revomax Yeso (X Kg),Rvmx-Yeso-Pnt-Z3G,Ingreso,FlyDac,4,4,
2025/4/8,Riel Embutir Magnetico Slim Negro Macroled 2 metros 48V RMS-E-2M,AN-REMSL248-Elect-Z1A,Ingreso,Pool 460/459,3,3,
2025/4/8,Riel Embutir Magnetico Slim Negro Microled 3 metros 48V RMS-E-3M,AN-REMSL348-Elect-Z1A,Ingreso,Pool 460/459,3,3,
2025/4/8,Robinet Bronx Bidet Oxido,Rb-BdtBronx-Sant-Z2B,Egreso,Solares,1,-1,
2025/4/8,Roca Asiento The Gap Inod C/Amort Bco,Rc-AsntoTGapInod-Sant-Z2B,Egreso,Solares,3,-3,
2025/4/8,Roca Bidet The Gap 1AG C/LL Bco,Rc-BdtTGap1AG-Sant-Z2B,Egreso,Solares,2,-2,
2025/4/8,Roca Bidet The Gap 3AG C/LL Bco,Rc-BdtTGap3AG-Sant-Z2B,Egreso,Solares,1,-1,
2025/4/8,Roca Depos The Gap 6/3 lts Bco,Rc-DeposTGap6/3lts-Sant-Z2B,Egreso,Solares,1,-1,
2025/4/8,Roca Inod The Gap Corto Bco,Rc-IndTGapCorto-Sant-Z2B,Egreso,Solares,2,-2,
2025/4/8,Roca Inod The Gap LGO Sd Bco,Rc-IndTGapLgO-Sant-Z2B,Egreso,Solares,1,-1,
2025/4/8,Roca Monaco Deposito de Apoyo BCO,Rc-DpsitoApoyoMonaco-Sant-Z2B,Ingreso,Pool 460/459,6,6,
2025/4/8,Roca Placa de Accionamiento Pl1adual Blanca,Rc-PlcAccionamientoBlanc-Sant-Z2B,Egreso,Solares,2,-2,
2025/4/8,Rollo Isolant,AN-RollIsolant-Crrln-Z3G,Ingreso,Ribera,1,1,
2025/4/8,"Rollo Manguera Azul 1""(x35Mts)",AN-RMA1-Elect-Z1A,Ingreso,Don Alberto,1,1,
2025/4/8,Rollo Manguera Azul 3/4,AN-RMA3/4-Elect-Z1A,Ingreso,FlyDac,8,8,
2025/4/8,Rollo de Lana de Vidrio,AN-RollanVid-Crrln-Z3G,Ingreso,Don Alberto,1,1,
2025/4/8,Rollos Corrugados 3/4,AN-RC3/4-Elect-Z1A,Ingreso,Pool 460/459,10,10,
2025/4/8,SD Buje Corto HH 50X40,Amnco-BJCorto50x40-Sant-Z2B,Ingreso,Pool 460/459,20,20,
2025/4/8,SD Codo 45º 40MM Amanco,Amnco-CD45º40MM-Sant-Z2B,Ingreso,Pool 460/459,12,12,
2025/4/8,SD Codo 90º 40MM Amanco,Amnco-CD90º40MM-Sant-Z2B,Ingreso,Pool 460/459,87,87,
2025/4/8,SD Manguito R/M 40X11/2,Amnco-Mang40x11/2-Sant-Z2B,Ingreso,Pool 460/459,57,57,
2025/4/8,SD Tubo PVC CL 10 40,Amnco-TUBPvc1040-Sant-Z2B,Ingreso,Pool 460/459,20,20,
2025/4/8,Schneider Peine Bipolar 80A 12 Polos,Shn-PAB8012P-Elect-Z1A,Ingreso,FlyDac,1,1,
2025/4/8,Sherwim Williams Quantum (X lt),SW-SWQuantum-Pnt-Z3G,Ingreso,FlyDac,1,1,
2025/4/8,Sherwim Williams Quantum Cielorraso (X lt),SW-SWQuantumCieloR-Pnt-Z3G,Ingreso,FlyDac,1,1,
2025/4/8,Sherwin Williams Enduido Plastico Interioir Multiproposito (xlts) (Cerrado),SW-END-Pnt-Z3G,Ingreso,FlyDac,1,1,
2025/4/8,Sica Disyuntor Diferencial 2x40A,Sc-DD2X40-Elect-Z1A,Ingreso,FlyDac,4,4,
2025/4/8,Sica Disyuntor Diferencial 2x63 A,Sc-DD2X63-Elect-Z1A,Egreso,FlyDac,2,-2,
2025/4/8,Sica Disyuntor Diferencial 2x63 A,Sc-DD2X63-Elect-Z1A,Ingreso,Pool 460/459,4,4,
2025/4/8,Sica Fusible NH 63 A,Sc-FNH63-Elect-Z1A,Ingreso,Pool 460/459,15,15,
2025/4/8,Sica Latex,Sc-Latex-Pnt-Z3G,Ingreso,FlyDac,2,2,
2025/4/8,Sica Termica 2x10,Sc-T2X10-Elect-Z1A,Egreso,FlyDac,4,-4,
2025/4/8,Sica Termica 2x10,Sc-T2X10-Elect-Z1A,Ingreso,Pool 460/459,13,13,
2025/4/8,Sica Termica 2x15,Sc-T2X15-Elect-Z1A,Ingreso,Pool 460/459,6,6,
2025/4/8,Sica Termica 2x20,Sc-T2X20-Elect-Z1A,Ingreso,Pool 460/459,8,8,
2025/4/8,Sika Monotop-107 Seal Impermeabilizante cementicio de Alta Performance (xkg),Sk-IMPCE-Crrln-Z3G,Ingreso,FlyDac,8,8,
2025/4/8,Solucion Losung Lubricante 400 CC,Lsng-SolucLubric400-Sant-Z2B,Egreso,Pool 460/459,7,-7,
2025/4/8,Solvex Diluyente para Sinteticos a base de Aguarras (xlts) (Abierto),Svx-DIL-Pnt-Z3G,Ingreso,FlyDac,0.9,0.9,
2025/4/8,"Sombrero Galvanizado de 4""","AN-SombreroGalv4""-Sant-Z2B",Ingreso,Don Alberto,1,1,
2025/4/8,"Sombrero Galvanizado de 4""","AN-SombreroGalv4""-Sant-Z2B",Ingreso,Solares,1,1,
2025/4/8,Syra 20 Roca Monocomando Cocina A5A852ACOL,Rc-CnaSyraMonoc-Sant-Z2B,Ingreso,Grandbell,1,1,
2025/4/8,Tachos de Pintura Asfaltica 18 Lts,AN-TACHPINTASFLTX18LT-Pint-Z3G,Ingreso,Don Alberto,2,2,
2025/4/8,Tacsa Precinto 4;6 MM x 100 U-Negro (bolsas de 100 U),Tcs-P4.6N-Frrt-Z1B,Ingreso,FlyDac,18,18,
2025/4/8,Tacsa Taco 6MMx40 Kit Tarugo+Tornillo Bolsita (xbolsa),Tcs-TARTOR6MM-Frrt-Z1B,Ingreso,FlyDac,4,4,
2025/4/8,Tapa 3;2 110,AN-TP3;2-110-Sant-Z2B,Egreso,Pool 460/459,14,-14,
2025/4/8,Tapa 3;2 40,Aw-TP3;2-40-Sant-Z2B,Egreso,Pool 460/459,10,-10,
2025/4/8,Tapa 3;2 50,Aw-TP3;2-50-Sant-Z2B,Egreso,Pool 460/459,2,-2,
2025/4/8,Tapa de Gas Regularizada 40x50,AN-TP40X50-Elect-Z1A,Ingreso,FlyDac,1,1,
2025/4/8,Tapa de Tablero,AN-TTB-Elect-Z1A,Ingreso,Grandbell,1,1,
2025/4/8,Tbcin Cinta Aisladora Vini Tape 10 Mts Negro,Tbc-CINTAAISLAD-Elect-Z1A,Ingreso,FlyDac,89,89,
2025/4/8,Tbcin Peines de Alimentacion Bipolar 63A,Tbc-PAB63-Elect-Z1A,Ingreso,Don Alberto,2,2,
2025/4/8,Tbcin Peines de Alimentacion Bipolar 63A,Tbc-PAB63-Elect-Z1A,Ingreso,FlyDac,1,1,
2025/4/8,Tbcin Punta Hueca Negra 1;5MM,Tbc-PtaHuNe1;5-Elect-Z1A,Ingreso,FlyDac,100,100,
2025/4/8,Tbcin Terminal de cobre estañado 2;5MM,Tbc-TerCo2;5-Elect-Z1A,Ingreso,FlyDac,100,100,
2025/4/8,Tbcin Terminal de cobre estañado 2;5MM,Tbc-TerCo2;5-Elect-Z1A,Ingreso,Ribera,100,100,
2025/4/8,Te de 20 Fusion verde Amanco,Amnco-TeFus20-Sant-Z2B,Egreso,Don Alberto,3,-3,
2025/4/8,Tecnocom Caño Plastico Rigido Blanco 1 (20u),Tcm-CÑPlas1-Elect-Z1A,Ingreso,FlyDac,60,60,
2025/4/8,Tecnocom Caño Plastico Rigido Blanco 3/4 (37u),Tcm-CÑPlas3/4-Elect-Z1A,Ingreso,FlyDac,441,441,
2025/4/8,Tecnocom Caño Plastico Rigido Blanco 3/4 (37u),Tcm-CÑPlas3/4-Elect-Z1A,Ingreso,Ribera,78,78,
2025/4/8,Temple Fv Monoc.Cocina 411.04/87 cr,Tmpl-CnaTemple411/87-Sant-Z2B,Ingreso,Grandbell,1,1,
2025/4/8,Temple Juego Cocina Monoc.C/Rociador-0412/87-CR,Tmpl-CnaTmple-Sant-Z2B,Ingreso,Don Alberto,1,1,
2025/4/8,Tend 60x120 C&S Sunny In x 1;44 M2,Tend-PRCin144-Crrln-Z3G,Ingreso,Pool 460/459,162,162,
2025/4/8,Tend 60x120 C&S Sunny Out x 1;44M2,Tend-PRCout144-Crrln-Z3G,Ingreso,Pool 460/459,93,93,
2025/4/8,Termotanque Electrico 53 Lts Escorial,AN-TermoElec53Lts-Sant-Z2B,Ingreso,FlyDac,1,1,
2025/4/8,Tubo Aw Mac-Hem 1 Mt 50,Aw-TUBMacH1;5-50-Sant-Z2B,Egreso,Pool 460/459,4,-4,
2025/4/8,Tubo Aw Mac-Hem 1;00 Mt 110,Aw-TUBMacH1-110-Sant-Z2B,Egreso,Pool 460/459,10,-10,
2025/4/8,Tubo Aw Mac-Hem 1;00 Mt 40,Aw-TUBMacH1-40-Sant-Z2B,Egreso,Pool 460/459,16,-16,
2025/4/8,Tubo Aw Mac-Hem 1;00 Mt 63,Aw-TUBMacH1-63-Sant-Z2B,Egreso,Pool 460/459,10,-10,
2025/4/8,Tubo Aw Mac-Hem 2;00 Mt 40,Aw-TUBMacH2-40-Sant-Z2B,Egreso,Pool 460/459,4,-4,
2025/4/8,Tubo Aw Mac-Hem 2;00 Mt 63,Aw-TUBMacH2-63-Sant-Z2B,Egreso,Pool 460/459,10,-10,
2025/4/8,Unidad Exterioir,AN-Unex-Elect-Z1A,Ingreso,Solares,1,1,
2025/4/8,Unidireccional Aluminio Negro Wing 1,AN-UniAlNegro-Elect-Z1A,Ingreso,Grandbell,22,22,
2025/4/8,Varese-Bidet 1AG-Linea Varese,Frr-Bdt1AGVrs-Sant-Z2B,Ingreso,Don Alberto,3,3,
2025/4/8,Varese-Deposito de Apoyar-Linea Varese,Frr-DpsitoApoy-Sant-Z2B,Ingreso,Don Alberto,3,3,
2025/4/8,Varese-Inodoro Largo-Linea Varese,Frr-IndlrgVrs-Sant-Z2B,Ingreso,Don Alberto,3,3,
2025/4/8,Varese/Veneto-Tapa Asiento Uf C/Cierre Suave-Linea Varese,Frr-TpaVrse-Sant-Z2B,Ingreso,Don Alberto,3,3,
2025/4/8,Vera-Lavatorio Monocomando Alto-Linea Vera (S-B),Vr-LavVera-Sant-Z2B,Ingreso,Don Alberto,1,1,
2025/4/8,Veyka Tarugo y Tornillo 6mm,Veyk-TARTOR6MM-Elect-Z1A,Ingreso,Don Alberto,100,100,
2025/4/8,Vulcano Electrobomba Autocebante Bae 0;75HP,Vlcno-ElectroBomba0;75HP-Sant-Z2B,Egreso,Pool 460/459,1,-1,
2025/4/8,Vulcano Filtro VC-30 40MM 50 M3 Soplado,Vlcno-Filtro40mm-Sant-Z2B,Egreso,Pool 460/459,1,-1,
2025/4/8,Vulcano Gabinete P/Eq.Filtrado Vc-30 139995,Vlcno-GabinetePeqFiltrado-Sant-Z2B,Ingreso,Pool 460/459,3,3,
2025/4/8,Vulcano Skimmer Boca Ancha P/Hormg.38 Cm 119003,Vlcno-BcaAnchaPHormg-Sant-Z2B,Ingreso,Pool 460/459,4,4,
2025/4/8,Wd Dokker Vanitory 60 Colg Sint 3Ag Terrarum,AN-Vanitory60Colg3Ag-Sant-Z2B,Ingreso,Pool 460/459,2,2,
2025/4/8,Weber Col SuperFlex 25Kg,AN-WberSpFlx-Crrln-Z3G,Ingreso,FlyDac,7,7,